country_name,country,Indicator Name,2010pm25,2011pm25,2012pm25,2013pm25,2014pm25,2015pm25,2016pm25,country_name.1,county,Indicator Name.1,2010co2,2011co2,2012co2,2013co2,2014co2,Name_powerplant,Total_annual_generation,Solar,Coal,Gas,Hydro,Oil,Wind,Waste,Biomass,Cogeneration,Geothermal,Nuclear,Other,Petcoke,totalpowerplants,Solar_pct,Coal_pct,Gas_pct,Hydro_pct,Oil_pct,Wind_pct,Waste_pct,Biomass_pct,Cogeneration_pct,Geothermal_pct,Nuclear_pct,Other_pct,Petcoke_pct
South Korea,SKR,"PM2.5 air pollution, mean annual exposure (micrograms per cubic meter)",25.16006609,23.80378677,24.88803144,26.10019997,27.50258279,28.67551804,28.68182353,South Korea,SKR,CO2 emissions (metric tons per capita),11.43631663,11.80296873,11.63282456,11.74920084,11.57034541,South Korea,532006.45079876,13,12,31,36,3,12,4,2,0,0,6,0,0,113,11.50442,10.619469026,27.433628318,31.858407079000003,2.6548672559999997,10.619469026,3.539823008,1.769911504,0.0,0.0,5.309734513,0.0,0.0
Albania,ALB,"PM2.5 air pollution, mean annual exposure (micrograms per cubic meter)",15.33569009,14.64613525,14.562992000000001,15.6359167,16.74886183,14.7365482,14.63400837,Albania,ALB,CO2 emissions (metric tons per capita),1.5785735840000001,1.803714725,1.692908325,1.7492110790000002,1.9787633119999999,Albania,4724.0,0,0,0,7,0,0,0,0,0,0,0,1,0,8,0.0,0.0,0.0,87.5,0.0,0.0,0.0,0.0,0.0,0.0,0.0,12.5,0.0
Algeria,DZA,"PM2.5 air pollution, mean annual exposure (micrograms per cubic meter)",26.709349100000004,27.49707477,28.20943917,31.00985419,33.0806268,37.03572791,37.23095588,Algeria,DZA,CO2 emissions (metric tons per capita),3.299703688,3.2913761760000004,3.46026581,3.5073100289999997,3.7174099010000003,Algeria,52748.20087,0,0,26,1,0,0,0,0,0,0,0,0,0,27,0.0,0.0,96.2962963,3.7037037039999996,0.0,0.0,0.0,0.0,0.0,0.0,0.0,0.0,0.0
Angola,AGO,"PM2.5 air pollution, mean annual exposure (micrograms per cubic meter)",30.92171586,31.80065678,33.40704991,33.50705108,35.33104842,35.78846911,36.24047917,Angola,AGO,CO2 emissions (metric tons per capita),1.243405585,1.252789255,1.330843018,1.254617218,1.291328315,Angola,9479.999999,0,0,3,5,6,0,0,0,0,0,0,0,0,14,0.0,0.0,21.42857143,35.71428571,42.85714286,0.0,0.0,0.0,0.0,0.0,0.0,0.0,0.0
Argentina,ARG,"PM2.5 air pollution, mean annual exposure (micrograms per cubic meter)",14.2241786,14.06185915,14.07585428,13.57720909,13.64364654,14.11720297,14.14816717,Argentina,ARG,CO2 emissions (metric tons per capita),4.558499612,4.600290698999999,4.569383676,4.462903755,4.746797455,Argentina,137794.2297,2,14,55,50,101,11,0,0,0,0,3,4,0,240,0.833333333,5.833333333,22.91666667,20.83333333,42.08333333,4.583333333,0.0,0.0,0.0,0.0,1.25,1.6666666669999999,0.0
Armenia,ARM,"PM2.5 air pollution, mean annual exposure (micrograms per cubic meter)",25.72082755,25.860902399999997,24.03591654,24.66518487,25.06870215,27.13203707,26.97289332,Armenia,ARM,CO2 emissions (metric tons per capita),1.465621895,1.710070765,1.976060074,1.899711734,1.90275891,Armenia,7746.0,0,0,3,4,0,0,0,0,0,0,1,0,0,8,0.0,0.0,37.5,50.0,0.0,0.0,0.0,0.0,0.0,0.0,12.5,0.0,0.0
Australia,AUS,"PM2.5 air pollution, mean annual exposure (micrograms per cubic meter)",5.937561281,5.880918942999999,5.9817761570000005,6.028237909,5.933055205,6.109837979,6.126806421,Australia,AUS,CO2 emissions (metric tons per capita),17.74084505,17.53887776,17.06614082,16.08347439,15.37013776,Australia,248298.0,11,36,135,73,36,54,50,24,0,0,0,0,0,419,2.625298329,8.591885442,32.21957041,17.42243437,8.591885442,12.88782816,11.93317422,5.727923627999999,0.0,0.0,0.0,0.0,0.0
Austria,AUT,"PM2.5 air pollution, mean annual exposure (micrograms per cubic meter)",15.147755499999999,14.93395807,15.24744732,15.94362212,16.46606703,15.03228858,14.96518831,Austria,AUT,CO2 emissions (metric tons per capita),8.071131802,7.748134305,7.387077163,7.368748145,6.86986793,Austria,53157.20454,0,0,3,96,0,3,0,0,0,0,0,0,0,102,0.0,0.0,2.9411764710000003,94.11764706,0.0,2.9411764710000003,0.0,0.0,0.0,0.0,0.0,0.0,0.0
Azerbaijan,AZE,"PM2.5 air pollution, mean annual exposure (micrograms per cubic meter)",26.22382242,25.22813065,24.681045,26.5519093,28.36897873,32.65922495,32.97762008,Azerbaijan,AZE,CO2 emissions (metric tons per capita),3.3882258789999997,3.646179877,3.82487717,3.785068836,3.931560609,Azerbaijan,24549.0,0,0,8,5,1,0,0,0,0,0,0,0,0,14,0.0,0.0,57.14285714,35.71428571,7.142857143,0.0,0.0,0.0,0.0,0.0,0.0,0.0,0.0
Bahrain,BHR,"PM2.5 air pollution, mean annual exposure (micrograms per cubic meter)",66.81030389,63.31228941,67.57613398,66.62046381,60.35661272,79.12774701,79.69099954,Bahrain,BHR,CO2 emissions (metric tons per capita),23.585480899999997,22.41333475,20.51485098,23.80435697,23.44975483,Bahrain,27253.0,0,0,6,0,1,0,0,0,0,0,0,0,0,7,0.0,0.0,85.71428571,0.0,14.28571429,0.0,0.0,0.0,0.0,0.0,0.0,0.0,0.0
Bangladesh,BGD,"PM2.5 air pollution, mean annual exposure (micrograms per cubic meter)",82.40414563,82.78024193,82.9398343,88.52642612,87.11853497,100.32381459999999,101.0171569,Bangladesh,BGD,CO2 emissions (metric tons per capita),0.393936699,0.41201118600000003,0.433487963,0.44240082799999997,0.459141965,Bangladesh,55656.60254,0,1,24,1,28,0,0,0,0,0,0,0,0,54,0.0,1.8518518519999998,44.44444444,1.8518518519999998,51.85185185,0.0,0.0,0.0,0.0,0.0,0.0,0.0,0.0
Belarus,BLR,"PM2.5 air pollution, mean annual exposure (micrograms per cubic meter)",20.21309574,19.69779325,18.51193346,19.51546321,19.97237412,19.7445253,19.79873107,Belarus,BLR,CO2 emissions (metric tons per capita),6.64269666,6.7625173489999995,6.67999159,6.736652251000001,6.701957705,Belarus,34042.0,0,0,17,0,0,0,0,0,0,0,0,0,0,17,0.0,0.0,100.0,0.0,0.0,0.0,0.0,0.0,0.0,0.0,0.0,0.0,0.0
Belgium,BEL,"PM2.5 air pollution, mean annual exposure (micrograms per cubic meter)",16.30820726,16.29578318,15.88155906,15.90143934,15.79653476,16.01927717,16.04343237,Belgium,BEL,CO2 emissions (metric tons per capita),10.17146522,9.046560547,8.546478214,8.671352487,8.328159898,Belgium,67323.0,0,1,20,19,9,12,0,2,0,0,3,0,0,66,0.0,1.515151515,30.303030300000003,28.78787879,13.63636364,18.18181818,0.0,3.03030303,0.0,0.0,4.545454545,0.0,0.0
Benin,BEN,"PM2.5 air pollution, mean annual exposure (micrograms per cubic meter)",42.47946042,45.74441674,45.12260434,41.32547366,38.2630494,90.46634825,95.96032285,Benin,BEN,CO2 emissions (metric tons per capita),0.553283259,0.559693354,0.562347006,0.5809609139999999,0.614213852,Benin,183.0,0,0,1,0,1,0,0,0,0,0,0,0,0,2,0.0,0.0,50.0,0.0,50.0,0.0,0.0,0.0,0.0,0.0,0.0,0.0,0.0
Bolivia,BOL,"PM2.5 air pollution, mean annual exposure (micrograms per cubic meter)",28.61932141,30.323356099999998,27.017188899999997,27.79415398,28.38424935,22.26758233,22.04269225,Bolivia,BOL,CO2 emissions (metric tons per capita),1.532870644,1.602029322,1.835469055,1.8189973830000001,1.932419499,Bolivia,8379.0,0,0,9,14,0,0,0,0,0,0,0,0,0,23,0.0,0.0,39.13043478,60.86956522,0.0,0.0,0.0,0.0,0.0,0.0,0.0,0.0,0.0
Bosnia and Herzegovina,BIH,"PM2.5 air pollution, mean annual exposure (micrograms per cubic meter)",38.11552561,37.44573485,38.0361726,41.61156553,44.18994917,39.53292557,39.27178089,Bosnia and Herzegovina,BIH,CO2 emissions (metric tons per capita),5.716134832000001,6.475389585,6.101280083,6.080813337,6.234719162,Bosnia and Herzegovina,16086.0,0,4,0,16,0,0,0,0,0,0,0,0,0,20,0.0,20.0,0.0,80.0,0.0,0.0,0.0,0.0,0.0,0.0,0.0,0.0,0.0
Botswana,BWA,"PM2.5 air pollution, mean annual exposure (micrograms per cubic meter)",18.96893914,19.81301479,19.04939926,18.51785155,17.98942923,22.81560495,23.13720408,Botswana,BWA,CO2 emissions (metric tons per capita),2.3259244040000002,2.036091061,2.025409285,2.456718254,3.243287637,Botswana,2263.0,0,2,0,0,0,0,0,0,0,0,0,0,0,2,0.0,100.0,0.0,0.0,0.0,0.0,0.0,0.0,0.0,0.0,0.0,0.0,0.0
Brazil,BRA,"PM2.5 air pollution, mean annual exposure (micrograms per cubic meter)",10.964792,11.47912947,11.21168102,11.43926731,11.31905415,12.58115341,12.65285893,Brazil,BRA,CO2 emissions (metric tons per capita),2.132937571,2.211587235,2.343570115,2.4884171840000002,2.594388285,Brazil,553535.7436,4,18,114,648,566,202,10,428,0,0,2,1,0,1993,0.20070245899999997,0.9031610640000001,5.72002007,32.51379829,28.39939789,10.13547416,0.501756147,21.47516307,0.0,0.0,0.100351229,0.050175615,0.0
Brunei Darussalam,BRN,"PM2.5 air pollution, mean annual exposure (micrograms per cubic meter)",6.380134762999999,6.228895064,6.210097584,6.176909898,5.656721403,6.372126446,6.429309073,Brunei Darussalam,BRN,CO2 emissions (metric tons per capita),21.10594553,24.60717794,24.18076388,19.23359197,22.12470124,Brunei Darussalam,4461.0,0,0,4,0,0,0,0,0,0,0,0,0,0,4,0.0,0.0,100.0,0.0,0.0,0.0,0.0,0.0,0.0,0.0,0.0,0.0,0.0
Bulgaria,BGR,"PM2.5 air pollution, mean annual exposure (micrograms per cubic meter)",26.86278911,26.97450393,25.72830266,26.717876699999998,27.55988102,25.67960257,25.64668767,Bulgaria,BGR,CO2 emissions (metric tons per capita),5.964900206,6.71538056,6.1194565260000005,5.450695962999999,5.871615868999999,Bulgaria,43666.0,0,9,0,7,0,1,0,0,0,0,1,0,0,18,0.0,50.0,0.0,38.88888889,0.0,5.555555556,0.0,0.0,0.0,0.0,5.555555556,0.0,0.0
Cambodia,KHM,"PM2.5 air pollution, mean annual exposure (micrograms per cubic meter)",24.56277158,25.20998542,26.1798804,27.31352319,27.68785144,26.16182574,26.14133409,Cambodia,KHM,CO2 emissions (metric tons per capita),0.35033056700000004,0.35817724799999995,0.369259354,0.372980821,0.437759998,Cambodia,3056.0,0,1,0,5,3,0,2,1,0,0,0,0,0,12,0.0,8.333333332999999,0.0,41.66666667,25.0,0.0,16.66666667,8.333333332999999,0.0,0.0,0.0,0.0,0.0
Cameroon,CMR,"PM2.5 air pollution, mean annual exposure (micrograms per cubic meter)",72.27055642,75.54387737,75.04002265,73.84895647,69.50826883,134.7937498,139.70579009999997,Cameroon,CMR,CO2 emissions (metric tons per capita),0.33951502,0.281094803,0.290648216,0.312755732,0.314928068,Cameroon,6850.0,0,0,1,3,4,0,0,0,0,0,0,0,0,8,0.0,0.0,12.5,37.5,50.0,0.0,0.0,0.0,0.0,0.0,0.0,0.0,0.0
Canada,CAN,"PM2.5 air pollution, mean annual exposure (micrograms per cubic meter)",7.267054292,7.3381167210000005,7.30485743,7.273831212,7.206178542000001,7.514347762000001,7.5252244820000005,Canada,CAN,CO2 emissions (metric tons per capita),15.723167000000002,15.63975962,14.89063564,14.71197182,15.11715878,Canada,655944.0,138,15,75,556,9,241,0,111,0,0,6,2,0,1153,11.968777099999999,1.300954033,6.504770165,48.22202949,0.78057242,20.9019948,0.0,9.627059844,0.0,0.0,0.520381613,0.173460538,0.0
Chile,CHL,"PM2.5 air pollution, mean annual exposure (micrograms per cubic meter)",21.31991697,21.37315064,21.52125386,21.16028508,21.12101701,21.94296815,21.9671149,Chile,CHL,CO2 emissions (metric tons per capita),4.251715171,4.6197295369999996,4.677982797,4.76586599,4.687376624,Chile,73428.0,16,14,10,99,74,18,0,22,0,0,0,0,0,253,6.324110672000001,5.533596837999999,3.95256917,39.13043478,29.24901186,7.114624506,0.0,8.695652174,0.0,0.0,0.0,0.0,0.0
China,CHN,"PM2.5 air pollution, mean annual exposure (micrograms per cubic meter)",58.17330798,57.10767823,57.33880398,56.80755997,57.92738767,56.40226181,56.33014796,China,CHN,CO2 emissions (metric tons per capita),6.560520007,7.241515419,7.424750916,7.557211045,7.5439076410000006,China,5168538.567,124,737,170,941,6,835,0,0,0,2,12,0,0,2827,4.386275203,26.07003891,6.013441811,33.28616908,0.212239123,29.53661125,0.0,0.0,0.0,0.070746374,0.424478245,0.0,0.0
Colombia,COL,"PM2.5 air pollution, mean annual exposure (micrograms per cubic meter)",16.68991058,17.69859584,17.31062928,18.35821222,17.67678909,17.11017315,17.11938773,Colombia,COL,CO2 emissions (metric tons per capita),1.6589230819999998,1.64912349,1.705398582,1.893103161,1.759537174,Colombia,67719.0,0,3,5,12,1,0,0,0,0,0,0,0,0,21,0.0,14.28571429,23.80952381,57.14285714,4.7619047619999995,0.0,0.0,0.0,0.0,0.0,0.0,0.0,0.0
Congo,COG,"PM2.5 air pollution, mean annual exposure (micrograms per cubic meter)",49.419361,48.75708359,51.24946775,51.9290625,53.17355571,56.86638933,55.83271511,"Congo, Dem. Rep.",COD,CO2 emissions (metric tons per capita),0.031314551,0.037377087999999996,0.034820686,0.050339213,0.06336919099999999,Congo,1740.0,0,0,2,4,2,0,0,0,0,0,0,0,0,8,0.0,0.0,25.0,50.0,25.0,0.0,0.0,0.0,0.0,0.0,0.0,0.0,0.0
Costa Rica,CRI,"PM2.5 air pollution, mean annual exposure (micrograms per cubic meter)",14.434751,15.31328615,16.48717769,18.55867601,18.37695382,18.54336032,18.53054595,"Congo, Rep.",COG,CO2 emissions (metric tons per capita),0.451406105,0.50055554,0.6410613629999999,0.649833428,0.635369293,Costa Rica,9298.0,0,0,0,18,3,0,0,0,0,5,0,0,0,26,0.0,0.0,0.0,69.23076923,11.53846154,0.0,0.0,0.0,0.0,19.23076923,0.0,0.0,0.0
Cote DIvoire,CIV,"PM2.5 air pollution, mean annual exposure (micrograms per cubic meter)",28.64256306,31.94194344,33.10861058,28.93318658,26.27654966,55.25302391,57.77137282,Costa Rica,CRI,CO2 emissions (metric tons per capita),1.665175303,1.682660743,1.668780062,1.6144021730000002,1.6309510619999998,Cote DIvoire,7708.0,0,0,3,5,0,0,0,0,0,0,0,0,0,8,0.0,0.0,37.5,62.5,0.0,0.0,0.0,0.0,0.0,0.0,0.0,0.0,0.0
Croatia,HRV,"PM2.5 air pollution, mean annual exposure (micrograms per cubic meter)",17.5707472,16.89822007,17.24773194,18.67393754,20.09968777,19.84435617,19.81560787,Cote d'Ivoire,CIV,CO2 emissions (metric tons per capita),0.341512032,0.34695147600000004,0.43400799799999995,0.486455715,0.490206046,Croatia,12624.0,0,1,4,17,2,0,0,0,0,0,0,0,0,24,0.0,4.166666667,16.66666667,70.83333333,8.333333332999999,0.0,0.0,0.0,0.0,0.0,0.0,0.0,0.0
Cuba,CUB,"PM2.5 air pollution, mean annual exposure (micrograms per cubic meter)",15.47623754,16.38335561,17.84825625,18.29517356,18.14566209,16.70338633,16.6241175,Croatia,HRV,CO2 emissions (metric tons per capita),4.566131051,4.627629816000001,4.21645564,4.123953137,3.9738049060000002,Cuba,18605.0,0,0,2,0,9,1,0,0,0,0,0,0,0,12,0.0,0.0,16.66666667,0.0,75.0,8.333333332999999,0.0,0.0,0.0,0.0,0.0,0.0,0.0
Cyprus,CYP,"PM2.5 air pollution, mean annual exposure (micrograms per cubic meter)",15.39468129,15.23383823,15.09295395,16.28787754,17.23243342,17.89852069,17.86639632,Curacao,CUW,CO2 emissions (metric tons per capita),nan,nan,39.44566304,33.89940321,37.72628905,Cyprus,4033.0,0,0,1,0,2,0,0,0,0,0,0,0,0,3,0.0,0.0,33.33333333,0.0,66.66666667,0.0,0.0,0.0,0.0,0.0,0.0,0.0,0.0
Democratic Republic of the Congo,COD,"PM2.5 air pollution, mean annual exposure (micrograms per cubic meter)",41.7504885,44.36907214,46.59725112,46.85344511,46.57451961,55.898342799999995,56.27516385,Czech Republic,CZE,CO2 emissions (metric tons per capita),10.65257862,10.18548225,9.611985879,9.384891603,9.165978376,Democratic Republic of the Congo,8165.43885,0,0,1,10,1,0,0,0,0,0,0,0,0,12,0.0,0.0,8.333333332999999,83.33333333,8.333333332999999,0.0,0.0,0.0,0.0,0.0,0.0,0.0,0.0
Denmark,DNK,"PM2.5 air pollution, mean annual exposure (micrograms per cubic meter)",10.42061374,10.26972801,10.05907321,10.34388323,10.67712133,10.36485237,10.32874421,Denmark,DNK,CO2 emissions (metric tons per capita),8.40721667,7.296383208,6.514800847,6.862565032000001,5.9357124820000005,Denmark,29982.835180000002,1,10,3,0,1,19,0,1,0,1,0,0,0,36,2.777777778,27.77777778,8.333333332999999,0.0,2.777777778,52.77777778,0.0,2.777777778,0.0,2.777777778,0.0,0.0,0.0
Dominican Republic,DOM,"PM2.5 air pollution, mean annual exposure (micrograms per cubic meter)",21.13667286,16.91944769,23.13019687,24.14629265,17.81656556,23.03187392,23.69819597,Dominican Republic,DOM,CO2 emissions (metric tons per capita),2.123958664,2.117090045,2.178544552,2.085432517,2.069986634,Dominican Republic,18541.0,1,2,1,3,5,1,0,0,0,0,0,0,0,13,7.692307692000001,15.38461538,7.692307692000001,23.07692308,38.46153846,7.692307692000001,0.0,0.0,0.0,0.0,0.0,0.0,0.0
Ecuador,ECU,"PM2.5 air pollution, mean annual exposure (micrograms per cubic meter)",14.25791705,16.50988467,15.89743296,15.98247769,13.81624759,13.14030724,13.1676851,Ecuador,ECU,CO2 emissions (metric tons per capita),2.441361756,2.543911176,2.4734950159999998,2.617689044,2.761702175,Ecuador,23583.1442,0,0,4,9,6,0,0,0,0,0,0,0,0,19,0.0,0.0,21.05263158,47.36842105,31.57894737,0.0,0.0,0.0,0.0,0.0,0.0,0.0,0.0
El Salvador,SLV,"PM2.5 air pollution, mean annual exposure (micrograms per cubic meter)",31.39233355,33.48068947,37.90432737,36.60092575,36.82375177,33.62477089,33.38600558,El Salvador,SLV,CO2 emissions (metric tons per capita),1.047522915,1.073590082,1.070997514,0.9967133690000001,1.000644623,El Salvador,5784.0,0,0,0,4,2,0,0,0,0,2,0,0,0,8,0.0,0.0,0.0,50.0,25.0,0.0,0.0,0.0,0.0,25.0,0.0,0.0,0.0
Estonia,EST,"PM2.5 air pollution, mean annual exposure (micrograms per cubic meter)",8.207549989,7.888997497,7.131966468,8.187581003,8.722447982,6.044276117999999,5.928305245,Estonia,EST,CO2 emissions (metric tons per capita),13.59968907,14.01673297,13.32400037,15.09371797,14.84881917,Estonia,701.0032386,0,0,2,0,2,12,0,0,0,0,0,0,0,16,0.0,0.0,12.5,0.0,12.5,75.0,0.0,0.0,0.0,0.0,0.0,0.0,0.0
Ethiopia,ETH,"PM2.5 air pollution, mean annual exposure (micrograms per cubic meter)",34.07070547,36.18446732,37.46727979999999,36.60847156,36.30068316,48.87739462,49.73530571,Ethiopia,ETH,CO2 emissions (metric tons per capita),0.07509386,0.08580396800000001,0.092622864,0.112072453,0.119124015,Ethiopia,5096.046162,0,0,0,10,0,1,0,0,0,1,0,0,0,12,0.0,0.0,0.0,83.33333333,0.0,8.333333332999999,0.0,0.0,0.0,8.333333332999999,0.0,0.0,0.0
Finland,FIN,"PM2.5 air pollution, mean annual exposure (micrograms per cubic meter)",7.053497676,6.847406326000001,6.581156469,6.903110324,7.121725297,6.277478339,6.234267477,Finland,FIN,CO2 emissions (metric tons per capita),11.57528165,10.54447474,9.075433356,8.681780123,8.660721243,Finland,67266.0,0,4,17,95,11,12,0,39,0,0,2,4,0,184,0.0,2.173913043,9.239130435,51.63043478,5.97826087,6.52173913,0.0,21.19565217,0.0,0.0,1.086956522,2.173913043,0.0
France,FRA,"PM2.5 air pollution, mean annual exposure (micrograms per cubic meter)",12.24452775,12.21226676,12.26243778,12.29292695,12.33371972,11.89114342,11.8693378,France,FRA,CO2 emissions (metric tons per capita),5.428980862,5.077911491,5.075063887,5.062174035,4.573182147,France,557930.0,679,5,9,430,5,721,0,148,0,1,19,0,0,2017,33.66385721,0.24789291,0.44620723799999995,21.31879028,0.24789291,35.74615766,0.0,7.337630143999999,0.0,0.049578582,0.9419930590000001,0.0,0.0
Gabon,GAB,"PM2.5 air pollution, mean annual exposure (micrograms per cubic meter)",34.68608642,36.03952388,36.33613926,36.82280925,38.37100273,46.849398799999996,47.39460459,Gabon,GAB,CO2 emissions (metric tons per capita),2.9332244039999997,2.929968222,2.9055183319999998,2.90571962,2.768265721,Gabon,2355.0,0,0,2,3,1,0,0,0,0,0,0,0,0,6,0.0,0.0,33.33333333,50.0,16.66666667,0.0,0.0,0.0,0.0,0.0,0.0,0.0,0.0
Georgia,GEO,"PM2.5 air pollution, mean annual exposure (micrograms per cubic meter)",20.18089114,19.82876918,18.24222763,19.27200038,19.95653533,20.65877042,20.73469811,Georgia,GEO,CO2 emissions (metric tons per capita),1.6083988790000001,2.05730529,2.20691085,2.0811390359999997,2.411541991,Georgia,10371.0,0,0,3,16,0,0,0,0,0,0,0,0,0,19,0.0,0.0,15.78947368,84.21052632,0.0,0.0,0.0,0.0,0.0,0.0,0.0,0.0,0.0
Germany,DEU,"PM2.5 air pollution, mean annual exposure (micrograms per cubic meter)",13.70080248,13.67664135,13.29677582,13.65809,13.86757086,13.47877046,13.45779609,Germany,DEU,CO2 emissions (metric tons per capita),9.279634012,9.12485921,9.199299757,9.39062342,8.889370395,Germany,589290.7487,408,93,179,112,24,15,66,53,0,0,7,11,0,968,42.14876033,9.607438017,18.49173554,11.57024793,2.4793388430000003,1.5495867769999998,6.818181817999999,5.475206612000001,0.0,0.0,0.723140496,1.136363636,0.0
Greece,GRC,"PM2.5 air pollution, mean annual exposure (micrograms per cubic meter)",11.65492906,11.42753118,11.19010465,12.03058428,12.68018933,11.3746771,11.29831318,Greece,GRC,CO2 emissions (metric tons per capita),7.540183868,7.189762915,7.2470073589999995,6.33661459,6.180337268,Greece,49842.10886,24,6,12,18,3,11,1,0,0,0,0,0,0,75,32.0,8.0,16.0,24.0,4.0,14.66666667,1.333333333,0.0,0.0,0.0,0.0,0.0,0.0
Guatemala,GTM,"PM2.5 air pollution, mean annual exposure (micrograms per cubic meter)",28.811376799999998,29.3440755,33.39399256,32.89876199,33.22722384,28.70501653,28.522086199999997,Guatemala,GTM,CO2 emissions (metric tons per capita),0.797292859,0.791834915,0.7840161809999999,0.87418049,1.150977994,Guatemala,10718.41177,1,5,0,30,19,0,0,13,0,2,0,0,0,70,1.428571429,7.142857143,0.0,42.85714286,27.14285714,0.0,0.0,18.57142857,0.0,2.857142857,0.0,0.0,0.0
Honduras,HND,"PM2.5 air pollution, mean annual exposure (micrograms per cubic meter)",32.04558647,33.99040551,39.3399096,36.93455995,37.23794039,29.80712654,29.49751121,Honduras,HND,CO2 emissions (metric tons per capita),0.973269197,1.072227358,1.05625722,1.047014219,1.07522179,Honduras,7997.000001,0,0,1,12,5,1,1,4,0,0,0,0,0,24,0.0,0.0,4.166666667,50.0,20.83333333,4.166666667,4.166666667,16.66666667,0.0,0.0,0.0,0.0,0.0
Hungary,HUN,"PM2.5 air pollution, mean annual exposure (micrograms per cubic meter)",22.83025798,21.75244968,20.76121955,20.93673978,21.9559999,24.43899041,24.57068163,Hungary,HUN,CO2 emissions (metric tons per capita),5.022311649,4.7979000030000005,4.494128944,4.2596598310000005,4.265574976,Hungary,26061.0,0,2,8,0,1,0,0,0,0,0,1,0,0,12,0.0,16.66666667,66.66666667,0.0,8.333333332999999,0.0,0.0,0.0,0.0,0.0,8.333333332999999,0.0,0.0
Iceland,ISL,"PM2.5 air pollution, mean annual exposure (micrograms per cubic meter)",7.825275273,7.726058355,7.666083737,7.6128094189999995,7.70742701,7.3284277939999996,7.29839004,Iceland,ISL,CO2 emissions (metric tons per capita),6.168528586,5.8968289789999995,5.613991818,5.866946294,6.059657407,Iceland,18111.0,0,0,0,14,0,0,0,0,0,6,0,0,0,20,0.0,0.0,0.0,70.0,0.0,0.0,0.0,0.0,0.0,30.0,0.0,0.0,0.0
India,IND,"PM2.5 air pollution, mean annual exposure (micrograms per cubic meter)",64.6018316,63.86713075,66.06940362,68.95144345,71.6126213,75.58285651,75.80079116,India,IND,CO2 emissions (metric tons per capita),1.397008906,1.47668635,1.5980986369999999,1.5914378530000002,1.730000432,India,167526.0603,122,69,12,53,9,108,0,50,0,0,2,0,0,425,28.70588235,16.23529412,2.823529412,12.47058824,2.1176470590000003,25.41176471,0.0,11.76470588,0.0,0.0,0.470588235,0.0,0.0
Indonesia,IDN,"PM2.5 air pollution, mean annual exposure (micrograms per cubic meter)",14.48777295,14.83012943,14.931305400000001,15.55720964,15.22209,16.66132887,16.74598218,Indonesia,IDN,CO2 emissions (metric tons per capita),1.767907879,2.456844744,2.559750233,1.945094474,1.819363319,Indonesia,227587.0,0,50,41,41,16,0,0,0,0,10,0,0,0,158,0.0,31.64556962,25.94936709,25.94936709,10.12658228,0.0,0.0,0.0,0.0,6.329113924,0.0,0.0,0.0
Iran,IRN,"PM2.5 air pollution, mean annual exposure (micrograms per cubic meter)",48.09895954,46.63054868,45.37709499,44.7825929,43.6716967,48.62328795,48.95476643,"Iran, Islamic Rep.",IRN,CO2 emissions (metric tons per capita),7.684728662,7.802934624,8.001696245,8.003808763,8.283020787,Iran,265859.35,1,0,58,17,18,1,0,0,0,0,1,0,0,96,1.041666667,0.0,60.41666667,17.70833333,18.75,1.041666667,0.0,0.0,0.0,0.0,1.041666667,0.0,0.0
Iraq,IRQ,"PM2.5 air pollution, mean annual exposure (micrograms per cubic meter)",90.64910085,83.90684401,78.55807890000001,66.25433245,58.86071758,72.28199895,73.25872705,Iraq,IRQ,CO2 emissions (metric tons per capita),3.647128775,4.235645492,4.659523902,4.884622664,4.811839686,Iraq,64429.74005,0,0,12,8,6,0,0,0,0,0,0,0,0,26,0.0,0.0,46.15384615,30.76923077,23.07692308,0.0,0.0,0.0,0.0,0.0,0.0,0.0,0.0
Ireland,IRL,"PM2.5 air pollution, mean annual exposure (micrograms per cubic meter)",9.300440639,9.337308141,9.570871974,9.618334486,9.709258896,9.188586922999999,9.168633218,Ireland,IRL,CO2 emissions (metric tons per capita),8.783613934,7.77982216,7.738155591,7.538110297,7.313939808,Ireland,25223.12653,0,1,10,3,6,33,0,1,0,0,0,0,0,54,0.0,1.8518518519999998,18.51851852,5.555555556,11.11111111,61.11111111,0.0,1.8518518519999998,0.0,0.0,0.0,0.0,0.0
Israel,ISR,"PM2.5 air pollution, mean annual exposure (micrograms per cubic meter)",17.85970443,17.58477089,17.76826385,18.708741,19.70924373,18.76107386,18.6846113,Israel,ISR,CO2 emissions (metric tons per capita),9.035223254,8.901888279,9.547967764,8.321785471,7.8631813479999995,Israel,54650.7846,11,2,12,0,0,0,0,0,0,0,0,0,0,25,44.0,8.0,48.0,0.0,0.0,0.0,0.0,0.0,0.0,0.0,0.0,0.0,0.0
Italy,ITA,"PM2.5 air pollution, mean annual exposure (micrograms per cubic meter)",14.65365787,14.38544874,14.56317325,16.64526049,17.90856333,15.6038313,15.48360452,Italy,ITA,CO2 emissions (metric tons per capita),6.83837457,6.702557614,6.205413857999999,5.732941879,5.270866786,Italy,258641.0,74,9,57,58,11,1,0,0,0,33,0,4,0,247,29.95951417,3.643724696,23.07692308,23.48178138,4.453441296,0.4048583,0.0,0.0,0.0,13.36032389,0.0,1.619433198,0.0
Jamaica,JAM,"PM2.5 air pollution, mean annual exposure (micrograms per cubic meter)",13.66214002,14.39382648,15.658061300000002,17.04800504,16.79429168,15.12454409,15.07163593,Jamaica,JAM,CO2 emissions (metric tons per capita),2.590268386,2.777310635,2.626668783,2.837874022,2.59321537,Jamaica,3976.0,0,0,1,3,4,1,0,0,0,0,0,0,0,9,0.0,0.0,11.11111111,33.33333333,44.44444444,11.11111111,0.0,0.0,0.0,0.0,0.0,0.0,0.0
Japan,JPN,"PM2.5 air pollution, mean annual exposure (micrograms per cubic meter)",12.3396445,11.78769301,11.97395136,12.40134558,12.88270204,13.14884605,13.15839601,Japan,JPN,CO2 emissions (metric tons per capita),9.148316037999999,9.317426666,9.63862829,9.780815065,9.538706102999999,Japan,1006914.002,129,42,29,55,27,6,1,0,0,14,16,0,0,319,40.43887147,13.166144199999998,9.090909091,17.24137931,8.463949843,1.880877743,0.313479624,0.0,0.0,4.388714734,5.015673981,0.0,0.0
Jordan,JOR,"PM2.5 air pollution, mean annual exposure (micrograms per cubic meter)",36.03160521,34.77712659,34.64811225,35.45866731,37.0992709,37.25146683,37.21426017,Jordan,JOR,CO2 emissions (metric tons per capita),2.948961557,2.8605235710000003,3.058367062,2.898831801,3.002514727,Jordan,18154.0,0,0,7,0,1,0,0,0,0,0,0,0,0,8,0.0,0.0,87.5,0.0,12.5,0.0,0.0,0.0,0.0,0.0,0.0,0.0,0.0
Kazakhstan,KAZ,"PM2.5 air pollution, mean annual exposure (micrograms per cubic meter)",16.88057431,17.19136369,18.16313295,18.29790032,19.16547877,19.62140375,19.65590442,Kazakhstan,KAZ,CO2 emissions (metric tons per capita),15.22798733,15.64629686,14.46941789,15.42931652,14.36316974,Kazakhstan,104030.0,0,18,2,4,0,0,0,0,0,0,0,0,0,24,0.0,75.0,8.333333332999999,16.66666667,0.0,0.0,0.0,0.0,0.0,0.0,0.0,0.0,0.0
Kenya,KEN,"PM2.5 air pollution, mean annual exposure (micrograms per cubic meter)",15.05463734,16.11074162,16.65150096,16.72335939,16.52198912,16.27427954,16.29493079,Kenya,KEN,CO2 emissions (metric tons per capita),0.294423102,0.316754325,0.286745421,0.297438082,0.310415314,Kenya,7583.950561,0,0,0,8,6,1,0,0,0,4,0,0,0,19,0.0,0.0,0.0,42.10526316,31.57894737,5.263157895,0.0,0.0,0.0,21.05263158,0.0,0.0,0.0
Kuwait,KWT,"PM2.5 air pollution, mean annual exposure (micrograms per cubic meter)",104.6374775,102.6828338,103.7015762,87.17466011,76.93283129999999,109.0799096,110.9572166,Kuwait,KWT,CO2 emissions (metric tons per capita),29.89415136,28.52652872,30.13791232,27.33039211,25.22386443,Kuwait,65140.0,0,0,6,0,2,0,0,0,0,0,0,0,0,8,0.0,0.0,75.0,0.0,25.0,0.0,0.0,0.0,0.0,0.0,0.0,0.0,0.0
Kyrgyzstan,KGZ,"PM2.5 air pollution, mean annual exposure (micrograms per cubic meter)",15.87360177,15.84163591,16.168865300000004,15.95097184,16.76414647,17.82394854,17.91030372,Kyrgyz Republic,KGZ,CO2 emissions (metric tons per capita),1.171873015,1.388440866,1.8069483880000001,1.7207895659999999,1.6463953390000001,Kyrgyzstan,14455.0,0,1,0,6,1,0,0,0,0,0,0,0,0,8,0.0,12.5,0.0,75.0,12.5,0.0,0.0,0.0,0.0,0.0,0.0,0.0,0.0
Latvia,LVA,"PM2.5 air pollution, mean annual exposure (micrograms per cubic meter)",18.37391687,17.83306993,16.11371497,18.33503131,19.27471352,14.83109746,14.58800713,Latvia,LVA,CO2 emissions (metric tons per capita),3.849593455,3.5411133319999997,3.471747548,3.518240904,3.4981928819999997,Latvia,4331.000000999999,0,0,2,3,0,0,0,0,0,0,0,0,0,5,0.0,0.0,40.0,60.0,0.0,0.0,0.0,0.0,0.0,0.0,0.0,0.0,0.0
Lebanon,LBN,"PM2.5 air pollution, mean annual exposure (micrograms per cubic meter)",28.43571762,27.60849514,27.13062785,28.87060247,30.4874614,32.38107828,32.5648296,Lebanon,LBN,CO2 emissions (metric tons per capita),4.622282052,4.455511197,4.603511835,4.279937348,4.295732552,Lebanon,17759.0,0,0,2,0,5,0,0,0,0,0,0,0,0,7,0.0,0.0,28.57142857,0.0,71.42857143,0.0,0.0,0.0,0.0,0.0,0.0,0.0,0.0
Libya,LBY,"PM2.5 air pollution, mean annual exposure (micrograms per cubic meter)",67.48665629999999,60.90548243,58.40124824,64.02403741,70.85585708,64.42572907,63.71676049,Libya,LBY,CO2 emissions (metric tons per capita),10.04374986,6.410366123999999,8.499773485,9.081136287,9.186845392999999,Libya,36288.424739999995,0,0,7,0,4,0,0,0,0,0,0,0,0,11,0.0,0.0,63.63636364,0.0,36.36363636,0.0,0.0,0.0,0.0,0.0,0.0,0.0,0.0
Lithuania,LTU,"PM2.5 air pollution, mean annual exposure (micrograms per cubic meter)",18.77787061,18.69257015,16.8817909,18.5025538,18.91473755,16.79026435,16.71785779,Lithuania,LTU,CO2 emissions (metric tons per capita),4.348616303,4.553301311,4.629509672,4.273657237,4.378090123,Lithuania,2837.0,0,0,4,2,0,0,0,0,0,0,0,0,0,6,0.0,0.0,66.66666667,33.33333333,0.0,0.0,0.0,0.0,0.0,0.0,0.0,0.0,0.0
Luxembourg,LUX,"PM2.5 air pollution, mean annual exposure (micrograms per cubic meter)",16.39543247,16.38822631,16.13481345,16.32935393,16.53551896,16.09981017,16.09727607,Luxembourg,LUX,CO2 emissions (metric tons per capita),21.6351358,21.10296963,20.08421949,18.49831971,17.36212137,Luxembourg,2621.0,0,0,1,1,0,0,0,0,0,0,0,0,0,2,0.0,0.0,50.0,50.0,0.0,0.0,0.0,0.0,0.0,0.0,0.0,0.0,0.0
Macedonia,MKD,"PM2.5 air pollution, mean annual exposure (micrograms per cubic meter)",34.624971,35.00217644,34.102011,36.52357284,38.42067801,32.26825562,31.92141254,"Macedonia, FYR",MKD,CO2 emissions (metric tons per capita),4.154450175,4.535127435,4.3228830160000005,3.780523467,3.614938183,Macedonia,4944.0,0,2,0,10,0,0,0,0,0,0,0,0,0,12,0.0,16.66666667,0.0,83.33333333,0.0,0.0,0.0,0.0,0.0,0.0,0.0,0.0,0.0
Malaysia,MYS,"PM2.5 air pollution, mean annual exposure (micrograms per cubic meter)",15.25899256,15.428425199999998,15.60522346,16.0614619,15.52523098,17.46735394,17.60771452,Malaysia,MYS,CO2 emissions (metric tons per capita),7.7715547460000005,7.6970158820000005,7.497558969,7.961513999,8.032991578999999,Malaysia,134698.1176,9,5,20,9,4,0,0,1,0,0,0,0,0,48,18.75,10.41666667,41.66666667,18.75,8.333333332999999,0.0,0.0,2.083333333,0.0,0.0,0.0,0.0,0.0
Mauritius,MUS,"PM2.5 air pollution, mean annual exposure (micrograms per cubic meter)",13.69960924,13.693957600000001,14.14135542,14.46475986,14.69609681,14.43773911,14.46305346,Mauritius,MUS,CO2 emissions (metric tons per capita),3.132082534,3.1299987860000003,3.15928885,3.2339095839999996,3.353110472,Mauritius,2931.0,1,3,0,3,5,0,0,6,0,0,0,0,0,18,5.555555556,16.66666667,0.0,16.66666667,27.77777778,0.0,0.0,33.33333333,0.0,0.0,0.0,0.0,0.0
Mexico,MEX,"PM2.5 air pollution, mean annual exposure (micrograms per cubic meter)",20.24498259,20.548945800000002,21.6112243,20.75377098,20.45820491,18.90809872,18.82910389,Mexico,MEX,CO2 emissions (metric tons per capita),3.9576576639999996,4.067755192,4.1076863139999995,4.001602493,3.866241113,Mexico,301419.0,3,3,61,73,23,20,0,62,0,5,1,0,0,251,1.195219124,1.195219124,24.30278884,29.08366534,9.163346614,7.96812749,0.0,24.70119522,0.0,1.9920318730000002,0.398406375,0.0,0.0
Moldova,MDA,"PM2.5 air pollution, mean annual exposure (micrograms per cubic meter)",20.63694454,21.20365392,20.97963245,20.65795856,20.59364065,20.019511899999998,19.94321337,Moldova,MDA,CO2 emissions (metric tons per capita),1.3846301769999998,1.4153027569999999,1.3835523840000001,1.404532331,1.3868291419999998,Moldova,5322.0,0,1,3,2,0,0,0,0,0,0,0,0,0,6,0.0,16.66666667,50.0,33.33333333,0.0,0.0,0.0,0.0,0.0,0.0,0.0,0.0,0.0
Mongolia,MNG,"PM2.5 air pollution, mean annual exposure (micrograms per cubic meter)",20.2654464,20.34525967,21.64224935,22.23737365,22.93980543,29.18883961,29.68500129,Mongolia,MNG,CO2 emissions (metric tons per capita),5.0949894019999995,7.785441402000001,9.319217433,13.50693996,7.1273263479999995,Mongolia,5134.0,0,1,0,0,0,1,0,0,0,0,0,0,0,2,0.0,50.0,0.0,0.0,0.0,50.0,0.0,0.0,0.0,0.0,0.0,0.0,0.0
Montenegro,MNE,"PM2.5 air pollution, mean annual exposure (micrograms per cubic meter)",21.25855141,21.09495414,20.73735725,21.93520348,22.60214939,20.47690348,20.35568996,Montenegro,MNE,CO2 emissions (metric tons per capita),4.167664361,4.145547583,3.7638982210000003,3.61855388,3.55607179,Montenegro,3174.0,0,1,0,2,0,0,0,0,0,0,0,0,0,3,0.0,33.33333333,0.0,66.66666667,0.0,0.0,0.0,0.0,0.0,0.0,0.0,0.0,0.0
Morocco,MAR,"PM2.5 air pollution, mean annual exposure (micrograms per cubic meter)",19.78133786,19.00413626,18.68418844,19.95759401,21.38878041,25.224310100000004,25.41198462,Morocco,MAR,CO2 emissions (metric tons per capita),1.726598065,1.755558226,1.881915344,1.7467289719999999,1.744379974,Morocco,26209.5198,0,2,3,18,5,8,0,0,0,0,0,0,0,36,0.0,5.555555556,8.333333332999999,50.0,13.88888889,22.22222222,0.0,0.0,0.0,0.0,0.0,0.0,0.0
Mozambique,MOZ,"PM2.5 air pollution, mean annual exposure (micrograms per cubic meter)",19.68915761,20.02058999,20.10015902,19.946891,19.7598785,20.925727399999996,20.98722687,Mozambique,MOZ,CO2 emissions (metric tons per capita),0.11294068199999999,0.129247057,0.121535416,0.152038112,0.309666607,Mozambique,16175.0,0,0,0,3,0,0,0,0,0,0,0,0,0,3,0.0,0.0,0.0,100.0,0.0,0.0,0.0,0.0,0.0,0.0,0.0,0.0,0.0
Myanmar,MMR,"PM2.5 air pollution, mean annual exposure (micrograms per cubic meter)",45.83416678,45.92249515,48.22689036,51.11291316,52.42839285,49.0184174,48.81135881,Myanmar,MMR,CO2 emissions (metric tons per capita),0.249531401,0.282824446,0.217129435,0.249963458,0.41660036200000006,Myanmar,12225.0756,0,1,10,19,0,0,0,0,0,0,0,0,0,30,0.0,3.333333333,33.33333333,63.33333333,0.0,0.0,0.0,0.0,0.0,0.0,0.0,0.0,0.0
Namibia,NAM,"PM2.5 air pollution, mean annual exposure (micrograms per cubic meter)",22.7214165,22.76251873,22.69399796,21.87600613,21.77826392,25.59247971,25.89244374,Namibia,NAM,CO2 emissions (metric tons per capita),1.4275376519999998,1.277711305,1.495026357,1.134995165,1.583728667,Namibia,1498.0,3,1,0,1,3,0,0,0,0,0,0,0,0,8,37.5,12.5,0.0,12.5,37.5,0.0,0.0,0.0,0.0,0.0,0.0,0.0,0.0
Nepal,NPL,"PM2.5 air pollution, mean annual exposure (micrograms per cubic meter)",62.60810996,63.39964615,64.68737621,70.22741152,71.62343624,77.90664552,78.49713349,Nepal,NPL,CO2 emissions (metric tons per capita),0.187128275,0.20249106100000003,0.21179800699999998,0.237169787,0.283538526,Nepal,3789.0,0,0,0,12,0,0,0,0,0,0,0,0,0,12,0.0,0.0,0.0,100.0,0.0,0.0,0.0,0.0,0.0,0.0,0.0,0.0,0.0
Netherlands,NLD,"PM2.5 air pollution, mean annual exposure (micrograms per cubic meter)",15.31864611,15.32914418,14.72346666,14.88460108,14.84706394,15.21098929,15.23005009,Netherlands,NLD,CO2 emissions (metric tons per capita),11.01707086,10.4335386,10.16475883,10.31006279,9.920138075,Netherlands,91209.87179,0,5,12,0,0,36,0,0,0,0,1,0,0,54,0.0,9.259259259,22.22222222,0.0,0.0,66.66666667,0.0,0.0,0.0,0.0,1.8518518519999998,0.0,0.0
New Zealand,NZL,"PM2.5 air pollution, mean annual exposure (micrograms per cubic meter)",5.419706089,5.420308424,5.474149386000001,5.459395797000001,5.525429017,5.533857524,5.525446595,New Zealand,NZL,CO2 emissions (metric tons per capita),7.305005861000001,7.185948221,7.747276831000001,7.531957407999999,7.686575825,New Zealand,42868.0,0,1,3,24,1,7,0,0,0,7,0,0,0,43,0.0,2.325581395,6.976744186,55.81395349,2.325581395,16.27906977,0.0,0.0,0.0,16.27906977,0.0,0.0,0.0
Nicaragua,NIC,"PM2.5 air pollution, mean annual exposure (micrograms per cubic meter)",22.88148446,25.21008612,28.649929999999998,29.09982796,28.23849717,22.99885412,22.70884868,Nicaragua,NIC,CO2 emissions (metric tons per capita),0.7905712770000001,0.840380212,0.7861723829999999,0.7653785129999999,0.8085208559999999,Nicaragua,3106.0,0,0,1,2,8,0,2,0,0,2,0,0,0,15,0.0,0.0,6.666666667,13.33333333,53.33333333,0.0,13.33333333,0.0,0.0,13.33333333,0.0,0.0,0.0
Niger,NER,"PM2.5 air pollution, mean annual exposure (micrograms per cubic meter)",116.2079136,118.3071703,102.93374200000001,83.69221799,72.1032697,190.88412580000002,203.74389169999998,Niger,NER,CO2 emissions (metric tons per capita),0.0714398,0.077789764,0.105264016,0.10527536300000001,0.111073516,Niger,686.0,0,1,0,0,5,0,0,0,0,0,0,0,0,6,0.0,16.66666667,0.0,0.0,83.33333333,0.0,0.0,0.0,0.0,0.0,0.0,0.0,0.0
Nigeria,NGA,"PM2.5 air pollution, mean annual exposure (micrograms per cubic meter)",51.52976545,53.37224714,50.09321698,46.39325158,41.60273017,115.12399609999999,122.47844199999999,Nigeria,NGA,CO2 emissions (metric tons per capita),0.57711138,0.5875230229999999,0.588789917,0.571126416,0.545622113,Nigeria,30390.0,0,0,9,3,0,0,0,0,0,0,0,0,0,12,0.0,0.0,75.0,25.0,0.0,0.0,0.0,0.0,0.0,0.0,0.0,0.0,0.0
Norway,NOR,"PM2.5 air pollution, mean annual exposure (micrograms per cubic meter)",8.940380918999999,8.656901142999999,8.567909428,8.688093452999999,8.87185424,7.913173565,7.874067599,Norway,NOR,CO2 emissions (metric tons per capita),12.2934545,9.124767216,9.940980235,11.45011884,9.270945132,Norway,141453.0,0,0,5,291,0,10,0,0,0,0,0,0,0,306,0.0,0.0,1.6339869280000001,95.09803922,0.0,3.2679738560000002,0.0,0.0,0.0,0.0,0.0,0.0,0.0
Oman,OMN,"PM2.5 air pollution, mean annual exposure (micrograms per cubic meter)",55.71701425,57.25434647,60.10075909,57.53171587,55.39335059,76.42964279,77.9621781,Oman,OMN,CO2 emissions (metric tons per capita),15.59053119,16.68986874,17.07526401,16.53740003,15.44316719,Oman,28371.0,0,0,9,0,0,0,0,0,0,0,0,0,0,9,0.0,0.0,100.0,0.0,0.0,0.0,0.0,0.0,0.0,0.0,0.0,0.0,0.0
Pakistan,PAK,"PM2.5 air pollution, mean annual exposure (micrograms per cubic meter)",61.42932565,63.62501885,63.30603941,64.29146493,64.25366108,75.08110491,75.75074243,Pakistan,PAK,CO2 emissions (metric tons per capita),0.946268168,0.929801105,0.918978434,0.9043159829999999,0.896264105,Pakistan,104197.1714,0,1,13,11,14,2,0,0,0,0,2,0,0,43,0.0,2.325581395,30.23255814,25.58139535,32.55813953,4.651162791,0.0,0.0,0.0,0.0,4.651162791,0.0,0.0
Panama,PAN,"PM2.5 air pollution, mean annual exposure (micrograms per cubic meter)",10.214252199999999,10.44066231,11.002067599999998,12.387862199999999,12.29777543,13.97661625,14.12599776,Panama,PAN,CO2 emissions (metric tons per capita),2.515310074,2.723708675,2.6805598180000003,2.792431187,2.2543113630000002,Panama,9139.0,0,1,1,8,4,0,0,0,0,0,0,0,0,14,0.0,7.142857143,7.142857143,57.14285714,28.57142857,0.0,0.0,0.0,0.0,0.0,0.0,0.0,0.0
Paraguay,PRY,"PM2.5 air pollution, mean annual exposure (micrograms per cubic meter)",17.71086925,18.49867743,16.52318502,16.33044636,15.5452079,23.10445642,23.69305414,Paraguay,PRY,CO2 emissions (metric tons per capita),0.820810138,0.845408397,0.828337607,0.8405061140000001,0.870219291,Paraguay,55276.0,0,0,0,3,0,0,0,0,0,0,0,0,0,3,0.0,0.0,0.0,100.0,0.0,0.0,0.0,0.0,0.0,0.0,0.0,0.0,0.0
Peru,PER,"PM2.5 air pollution, mean annual exposure (micrograms per cubic meter)",27.80849693,29.97514286,29.56000934,29.41019495,28.44784603,26.05428187,26.0545956,Peru,PER,CO2 emissions (metric tons per capita),1.96073385,1.6677709459999999,1.82602434,1.869868254,1.993485949,Peru,43676.0,4,1,9,14,0,2,0,0,0,0,0,0,0,30,13.33333333,3.333333333,30.0,46.66666667,0.0,6.666666667,0.0,0.0,0.0,0.0,0.0,0.0,0.0
Philippines,PHL,"PM2.5 air pollution, mean annual exposure (micrograms per cubic meter)",23.5779281,23.61313481,23.28736392,23.97069358,23.54776085,23.22725487,23.213494100000002,Philippines,PHL,CO2 emissions (metric tons per capita),0.905495625,0.897333685,0.9415586429999999,0.99642457,1.055456846,Philippines,65977.07781,1,12,3,16,15,2,0,2,0,9,0,0,0,60,1.6666666669999999,20.0,5.0,26.66666667,25.0,3.333333333,0.0,3.333333333,0.0,15.0,0.0,0.0,0.0
Poland,POL,"PM2.5 air pollution, mean annual exposure (micrograms per cubic meter)",27.46920948,26.9709844,24.38072245,24.70605313,24.81526329,25.56731512,25.59991261,Poland,POL,CO2 emissions (metric tons per capita),8.313376825,8.328175875,7.879830064,7.946282506,7.517151585,Poland,158860.0,0,44,6,5,1,2,0,1,0,0,0,0,0,59,0.0,74.57627119,10.16949153,8.474576271,1.694915254,3.389830508,0.0,1.694915254,0.0,0.0,0.0,0.0,0.0
Portugal,PRT,"PM2.5 air pollution, mean annual exposure (micrograms per cubic meter)",9.610922656,9.458652747,9.497680853,9.490609996,9.692835117000001,9.509145041,9.491198111000001,Portugal,PRT,CO2 emissions (metric tons per capita),4.552752646,4.510827218,4.37605313,4.344029312,4.331554028,Portugal,50681.494589999995,59,2,4,119,0,224,23,19,0,2,0,0,0,452,13.05309735,0.442477876,0.884955752,26.32743363,0.0,49.55752212,5.088495575,4.203539823,0.0,0.442477876,0.0,0.0,0.0
Qatar,QAT,"PM2.5 air pollution, mean annual exposure (micrograms per cubic meter)",122.05698079999999,112.55386429999999,120.94891840000001,115.37772450000001,107.2377385,147.5353404,148.24139830000001,Qatar,QAT,CO2 emissions (metric tons per capita),40.74201765,41.20564544,44.61792936,37.78008534,45.42323996,Qatar,38692.0,0,0,12,0,0,0,0,0,0,0,0,0,0,12,0.0,0.0,100.0,0.0,0.0,0.0,0.0,0.0,0.0,0.0,0.0,0.0,0.0
Romania,ROU,"PM2.5 air pollution, mean annual exposure (micrograms per cubic meter)",20.25975551,20.05552247,19.14020031,19.09686306,19.41947017,18.99856264,19.06441498,Romania,ROU,CO2 emissions (metric tons per capita),3.9222135610000004,4.212926221,4.074315455,3.550167079,3.5161536910000004,Romania,63069.0,0,9,8,10,0,3,0,0,0,0,1,0,0,31,0.0,29.03225806,25.80645161,32.25806452,0.0,9.677419355,0.0,0.0,0.0,0.0,3.225806452,0.0,0.0
Russia,RUS,"PM2.5 air pollution, mean annual exposure (micrograms per cubic meter)",16.59835086,16.05082698,15.46510287,16.00367519,16.2609495,15.53096142,15.5005356,Russian Federation,RUS,CO2 emissions (metric tons per capita),11.69434812,12.334881,12.78497902,12.39355647,11.85752777,Russia,963355.0,0,35,79,21,0,0,0,0,0,0,11,0,0,146,0.0,23.97260274,54.10958904,14.38356164,0.0,0.0,0.0,0.0,0.0,0.0,7.534246575,0.0,0.0
Saudi Arabia,SAU,"PM2.5 air pollution, mean annual exposure (micrograms per cubic meter)",130.0567129,130.9313238,135.9555427,125.9608957,116.2075531,182.92145630000002,187.8713608,Saudi Arabia,SAU,CO2 emissions (metric tons per capita),18.9053425,17.70230724,19.41950578,18.06835808,19.5292718,Saudi Arabia,229119.1381,2,0,24,0,42,0,0,0,0,0,0,0,0,68,2.9411764710000003,0.0,35.29411765,0.0,61.76470588,0.0,0.0,0.0,0.0,0.0,0.0,0.0,0.0
Senegal,SEN,"PM2.5 air pollution, mean annual exposure (micrograms per cubic meter)",32.00963107,33.20953967,33.52068864,36.12858103,35.99474681,55.53094798,56.76633608,Senegal,SEN,CO2 emissions (metric tons per capita),0.599610304,0.629136954,0.577471339,0.596523237,0.6088091170000001,Senegal,3440.000001,0,0,0,1,5,0,0,0,0,0,0,0,0,6,0.0,0.0,0.0,16.66666667,83.33333333,0.0,0.0,0.0,0.0,0.0,0.0,0.0,0.0
Serbia,SRB,"PM2.5 air pollution, mean annual exposure (micrograms per cubic meter)",19.559688100000002,19.32433557,18.82442565,19.472607,20.14719396,18.9158635,18.84678891,Serbia,SRB,CO2 emissions (metric tons per capita),6.302577983,6.8036771410000005,6.1206001820000004,6.265110693,5.2825219169999995,Serbia,33783.0,0,8,0,4,0,0,0,0,0,0,0,0,0,12,0.0,66.66666667,0.0,33.33333333,0.0,0.0,0.0,0.0,0.0,0.0,0.0,0.0,0.0
Singapore,SGP,"PM2.5 air pollution, mean annual exposure (micrograms per cubic meter)",18.10092841,18.11850343,18.17018788,18.94640805,18.05647415,24.89237699,25.02850236,Singapore,SGP,CO2 emissions (metric tons per capita),10.96040878,8.72379742,6.846758465,10.31198193,10.30633191,Singapore,48647.0,0,0,8,0,3,0,3,0,0,0,0,0,0,14,0.0,0.0,57.14285714,0.0,21.42857143,0.0,21.42857143,0.0,0.0,0.0,0.0,0.0,0.0
Slovakia,SVK,"PM2.5 air pollution, mean annual exposure (micrograms per cubic meter)",20.32447653,19.5328462,18.91678209,19.03286448,19.78534047,20.31906812,20.33090746,Slovak Republic,SVK,CO2 emissions (metric tons per capita),6.721959562,6.395396289,6.0590229010000005,6.11280356,5.661581328,Slovakia,24936.0,0,2,3,21,0,0,0,0,0,0,2,0,0,28,0.0,7.142857143,10.71428571,75.0,0.0,0.0,0.0,0.0,0.0,0.0,7.142857143,0.0,0.0
Slovenia,SVN,"PM2.5 air pollution, mean annual exposure (micrograms per cubic meter)",15.88314254,15.138941500000001,15.77222177,17.22017527,18.73745719,17.92593844,17.82350883,Slovenia,SVN,CO2 emissions (metric tons per capita),7.485854369,7.350637627999999,7.185481043999999,6.869551392999999,6.213686845,Slovenia,16869.0,0,3,1,3,0,0,0,0,0,0,1,0,0,8,0.0,37.5,12.5,37.5,0.0,0.0,0.0,0.0,0.0,0.0,12.5,0.0,0.0
South Africa,ZAF,"PM2.5 air pollution, mean annual exposure (micrograms per cubic meter)",29.75164165,29.43987439,29.17285158,29.11531417,29.45479727,35.52228598,35.91247747,South Africa,ZAF,CO2 emissions (metric tons per capita),9.190698716,9.004033387,8.845033039,8.673962823,8.980119297,South Africa,247054.1358,35,13,1,6,3,14,5,2,0,0,1,0,0,80,43.75,16.25,1.25,7.5,3.75,17.5,6.25,2.5,0.0,0.0,1.25,0.0,0.0
Spain,ESP,"PM2.5 air pollution, mean annual exposure (micrograms per cubic meter)",9.687449661,9.738397467999999,9.768897562000001,9.748359792999999,9.745861148,9.956494034,9.960824015,Spain,ESP,CO2 emissions (metric tons per capita),5.816416366,5.788018458,5.660938803,5.084398353,5.0338244869999995,Spain,278750.0,28,15,58,124,26,341,15,1,0,0,5,0,0,613,4.567699837,2.446982055,9.461663948,20.22838499,4.2414355630000005,55.62805873,2.446982055,0.16313213699999998,0.0,0.0,0.815660685,0.0,0.0
Sri Lanka,LKA,"PM2.5 air pollution, mean annual exposure (micrograms per cubic meter)",26.97235396,27.19529912,27.91566695,28.09759559,28.08784333,25.7665375,25.63520757,Sri Lanka,LKA,CO2 emissions (metric tons per capita),0.656664382,0.7451323320000001,0.7849265120000001,0.7524609179999999,0.885545809,Sri Lanka,12309.49157,1,1,0,20,9,14,0,0,0,0,0,0,0,45,2.222222222,2.222222222,0.0,44.44444444,20.0,31.11111111,0.0,0.0,0.0,0.0,0.0,0.0,0.0
Sudan,SDN,"PM2.5 air pollution, mean annual exposure (micrograms per cubic meter)",56.32722689,57.35527874,58.83150725,54.74442527,52.51987476,76.0529344,77.72107205,Sudan,SDN,CO2 emissions (metric tons per capita),0.345245386,0.330142237,0.30070683800000003,0.309687395,0.299732598,Sudan,11376.0,0,0,1,6,10,0,0,2,0,0,0,0,0,19,0.0,0.0,5.263157895,31.57894737,52.63157895,0.0,0.0,10.52631579,0.0,0.0,0.0,0.0,0.0
Sweden,SWE,"PM2.5 air pollution, mean annual exposure (micrograms per cubic meter)",5.436057279,5.287009296,5.161341523,5.579372123,5.862179314,5.222487818,5.195282483,Sweden,SWE,CO2 emissions (metric tons per capita),5.547348052,5.474957121,4.9423008280000005,4.671420785,4.478182178,Sweden,149153.6173,0,0,3,142,1,9,0,8,0,0,3,0,0,166,0.0,0.0,1.807228916,85.54216867,0.602409639,5.421686747000001,0.0,4.8192771080000005,0.0,0.0,1.807228916,0.0,0.0
Switzerland,CHE,"PM2.5 air pollution, mean annual exposure (micrograms per cubic meter)",11.00278236,11.09412731,11.17327887,12.036258300000002,12.33330312,10.60404505,10.51208667,Switzerland,CHE,CO2 emissions (metric tons per capita),4.983428945,4.672038363,4.723574287,4.972835876,4.311562994,Switzerland,63151.48145,0,0,0,161,0,0,0,0,0,0,4,0,0,165,0.0,0.0,0.0,97.57575758,0.0,0.0,0.0,0.0,0.0,0.0,2.424242424,0.0,0.0
Syrian Arab Republic,SYR,"PM2.5 air pollution, mean annual exposure (micrograms per cubic meter)",41.00456316,38.25027044,37.59990397,38.43050732,39.94112244,43.395948600000004,43.54666904,Syrian Arab Republic,SYR,CO2 emissions (metric tons per capita),2.930971337,2.727578225,2.190427547,1.839503237,1.5988984590000002,Syrian Arab Republic,21726.0,0,0,8,3,7,0,0,0,0,0,0,0,0,18,0.0,0.0,44.44444444,16.66666667,38.88888889,0.0,0.0,0.0,0.0,0.0,0.0,0.0,0.0
Tajikistan,TJK,"PM2.5 air pollution, mean annual exposure (micrograms per cubic meter)",48.98065243,47.97827939,49.42557067,48.18887334,50.28844141,60.69744821,61.35430442,Tajikistan,TJK,CO2 emissions (metric tons per capita),0.33303078,0.300737249,0.366926485,0.425539775,0.620466725,Tajikistan,16000.0,0,1,0,8,1,0,0,0,0,0,0,0,0,10,0.0,10.0,0.0,80.0,10.0,0.0,0.0,0.0,0.0,0.0,0.0,0.0,0.0
Tanzania,TZA,"PM2.5 air pollution, mean annual exposure (micrograms per cubic meter)",20.96776886,22.28469247,23.47310311,23.72398744,23.48964387,22.38670539,22.34930727,Tanzania,TZA,CO2 emissions (metric tons per capita),0.154161892,0.17012645699999998,0.194470623,0.220730008,0.221347372,Tanzania,6179.0,0,0,4,6,1,0,0,0,0,0,0,0,0,11,0.0,0.0,36.36363636,54.54545455,9.090909091,0.0,0.0,0.0,0.0,0.0,0.0,0.0,0.0
Thailand,THA,"PM2.5 air pollution, mean annual exposure (micrograms per cubic meter)",22.48840353,22.9746551,23.90589038,25.0787274,25.51617946,23.27653247,23.172589600000002,Thailand,THA,CO2 emissions (metric tons per capita),4.19478194,4.12138946,4.371765415,4.403807563,4.621860032,Thailand,165041.4976,113,4,32,10,0,2,0,5,0,0,0,0,0,166,68.07228916,2.4096385540000003,19.27710843,6.024096386,0.0,1.2048192770000001,0.0,3.012048193,0.0,0.0,0.0,0.0,0.0
Togo,TGO,"PM2.5 air pollution, mean annual exposure (micrograms per cubic meter)",38.99098857,42.43923048,42.52160881,38.66816463,35.83835204,80.14973985,84.14439034,Togo,TGO,CO2 emissions (metric tons per capita),0.40600638,0.36893546299999996,0.362450984,0.377480424,0.36269689200000005,Togo,137.0,0,0,1,1,1,0,0,0,0,0,0,0,0,3,0.0,0.0,33.33333333,33.33333333,33.33333333,0.0,0.0,0.0,0.0,0.0,0.0,0.0,0.0
Trinidad and Tobago,TTO,"PM2.5 air pollution, mean annual exposure (micrograms per cubic meter)",12.25632322,12.30638659,12.55898105,13.48224762,13.67334504,16.60840812,16.81227296,Trinidad and Tobago,TTO,CO2 emissions (metric tons per capita),36.09293276,35.16208791,33.85500019,34.52003192,34.16324263,Trinidad and Tobago,9891.0,0,0,4,0,2,0,0,0,0,0,0,0,0,6,0.0,0.0,66.66666667,0.0,33.33333333,0.0,0.0,0.0,0.0,0.0,0.0,0.0,0.0
Tunisia,TUN,"PM2.5 air pollution, mean annual exposure (micrograms per cubic meter)",35.47790504,34.07999145,33.54500089,35.87353697,39.87458923,35.87427092,35.56567907,Tunisia,TUN,CO2 emissions (metric tons per capita),2.59965793,2.417981861,2.480445624,2.511904245,2.587059584,Tunisia,16918.32125,0,0,18,6,0,2,0,0,0,0,0,0,0,26,0.0,0.0,69.23076923,23.07692308,0.0,7.692307692000001,0.0,0.0,0.0,0.0,0.0,0.0,0.0
Turkey,TUR,"PM2.5 air pollution, mean annual exposure (micrograms per cubic meter)",32.58532529,32.1457016,30.32235935,33.05769258,34.67726932,37.15752608,37.25391764,Turkey,TUR,CO2 emissions (metric tons per capita),4.120214807,4.370560958,4.419487888,4.285300843,4.491479026,Turkey,250300.4028,1,23,21,28,3,8,0,0,0,10,0,0,0,94,1.063829787,24.46808511,22.34042553,29.78723404,3.191489362,8.510638298,0.0,0.0,0.0,10.63829787,0.0,0.0,0.0
Turkmenistan,TKM,"PM2.5 air pollution, mean annual exposure (micrograms per cubic meter)",29.79670398,27.51532691,27.89276847,28.39543519,30.14637802,37.30685938,37.74176129999999,Turkmenistan,TKM,CO2 emissions (metric tons per capita),11.26148537,12.07317521,12.31489744,12.43613272,12.51729534,Turkmenistan,20400.0,0,0,5,0,2,0,0,0,0,0,0,0,0,7,0.0,0.0,71.42857143,0.0,28.57142857,0.0,0.0,0.0,0.0,0.0,0.0,0.0,0.0
Ukraine,UKR,"PM2.5 air pollution, mean annual exposure (micrograms per cubic meter)",19.26064083,18.877343300000003,18.61955195,18.55494537,18.77227308,19.21988923,19.20606229,Ukraine,UKR,CO2 emissions (metric tons per capita),6.641349685,6.265962311,6.487602806,5.976641848,5.020747064,Ukraine,180910.0,0,15,2,10,0,0,0,0,0,0,4,0,0,31,0.0,48.38709677,6.451612902999999,32.25806452,0.0,0.0,0.0,0.0,0.0,0.0,12.90322581,0.0,0.0
United Arab Emirates,ARE,"PM2.5 air pollution, mean annual exposure (micrograms per cubic meter)",72.80485477,71.69635049,73.52988815,69.47269504,65.924122,102.92623990000001,105.12373590000001,United Arab Emirates,ARE,CO2 emissions (metric tons per capita),19.44369027,19.07648878,19.81768422,18.95416379,23.30202251,United Arab Emirates,102164.9602,3,0,23,0,0,0,0,0,0,0,0,0,0,26,11.53846154,0.0,88.46153846,0.0,0.0,0.0,0.0,0.0,0.0,0.0,0.0,0.0,0.0
United Kingdom,GBR,"PM2.5 air pollution, mean annual exposure (micrograms per cubic meter)",11.81279093,11.84118031,12.0581285,12.03398615,12.10009135,11.54647834,11.52028708,United Kingdom,GBR,CO2 emissions (metric tons per capita),7.857836486,7.079297626000001,7.3558982770000005,7.145844359,6.49744049,United Kingdom,338923.0,1111,6,44,111,10,748,323,195,4,0,8,0,0,2560,43.3984375,0.234375,1.71875,4.3359375,0.390625,29.21875,12.6171875,7.6171875,0.15625,0.0,0.3125,0.0,0.0
Uruguay,URY,"PM2.5 air pollution, mean annual exposure (micrograms per cubic meter)",11.80236181,11.70516914,11.758868199999998,11.54003033,11.61313152,11.54168106,11.52339849,Uruguay,URY,CO2 emissions (metric tons per capita),1.8930433869999999,2.2929418619999997,2.559619604,2.2262358769999997,1.9731508219999998,Uruguay,13011.0,13,0,3,4,4,39,0,10,0,0,0,0,0,73,17.80821918,0.0,4.109589041,5.479452055,5.479452055,53.42465753,0.0,13.69863014,0.0,0.0,0.0,0.0,0.0
Uzbekistan,UZB,"PM2.5 air pollution, mean annual exposure (micrograms per cubic meter)",37.18238236,36.03357003,37.333428600000005,36.98575052,38.63229348,46.21301018,46.691075700000006,Uzbekistan,UZB,CO2 emissions (metric tons per capita),3.647048882,3.8748009160000003,3.889733195,3.417442433,3.420722746,Uzbekistan,55400.0,0,2,6,6,1,0,0,0,0,0,0,0,0,15,0.0,13.33333333,40.0,40.0,6.666666667,0.0,0.0,0.0,0.0,0.0,0.0,0.0,0.0
Vietnam,VNM,"PM2.5 air pollution, mean annual exposure (micrograms per cubic meter)",26.76071256,27.20811187,27.39297301,27.81588902,27.97614896,26.39694417,26.28590641,Vietnam,VNM,CO2 emissions (metric tons per capita),1.613359582,1.701422283,1.5723379819999999,1.6091115930000002,1.80356575,Vietnam,132097.6713,0,22,9,157,6,2,0,2,0,0,0,0,0,198,0.0,11.11111111,4.545454545,79.29292929,3.03030303,1.01010101,0.0,1.01010101,0.0,0.0,0.0,0.0,0.0
Zambia,ZMB,"PM2.5 air pollution, mean annual exposure (micrograms per cubic meter)",26.42764218,27.22962995,27.80475151,27.6507332,27.10911414,30.40264504,30.55029496,Zambia,ZMB,CO2 emissions (metric tons per capita),0.194337299,0.20591077800000002,0.249456851,0.26111253,0.288271141,Zambia,14452.0,0,1,0,5,7,0,0,1,0,0,0,0,0,14,0.0,7.142857143,0.0,35.71428571,50.0,0.0,0.0,7.142857143,0.0,0.0,0.0,0.0,0.0
Zimbabwe,ZWE,"PM2.5 air pollution, mean annual exposure (micrograms per cubic meter)",22.48042698,23.39766605,23.35947839,23.44837555,23.07232709,24.37178566,24.51303497,Zimbabwe,ZWE,CO2 emissions (metric tons per capita),0.5521462420000001,0.66475077,0.5297034310000001,0.775563675,0.779955845,Zimbabwe,9828.0,0,1,0,1,0,0,0,0,0,0,0,0,0,2,0.0,50.0,0.0,50.0,0.0,0.0,0.0,0.0,0.0,0.0,0.0,0.0,0.0
